[
    {
      "id":1,
      "title":"Account Executive - Washington DC",
      "company":"Our passion for improving quality of life through geography is at the heart of everything we do.Â  Esriâ€™s geographic information system (GIS) technology inspires and enables governments, universities and businesses worldwide to save money, lives and our environment through a deeper understanding of the changing world around them.Carefully managed growth and zero debt give Esri stability that is uncommon in today's volatile business world.Â  Privately held, we offer exceptional benefits, competitive salaries, 401(k) and profit-sharing programs, opportunities for personal and professional growth, and much more. ",
      "description":"THE COMPANY: ESRI â€“ Environmental Systems Research InstituteOur passion for improving quality of life through geography is at the heart of everything we do.Â  Esriâ€™s geographic information system (GIS) technology inspires and enables governments, universities and businesses worldwide to save money, lives and our environment through a deeper understanding of the changing world around them.Carefully managed growth and zero debt give Esri stability that is uncommon in today's volatile business world.Â  Privately held, we offer exceptional benefits, competitive salaries, 401(k) and profit-sharing programs, opportunities for personal and professional growth, and much more.",
      "requirements":"Requirements- EDUCATION:Â Bachelorâ€™s or Masterâ€™s in GIS, business administration, or a related field, or equivalent work experience, depending on position",
      "department":"Department - Sales",
      "employment":"Full time"
    }
  
]