[
    {
      "id":1,
      "title":" Account Executive - Washington DC",
      "company":"ESRI Environmental Systems Research Institute",
      "department":"Sales",
      "employment":"Full time",
      "education":"Bachelor's Degree",
      "experience":"Mid-Senior level",
      "logo":"images/1.png"
    },

    {
        "id":2,
        "title":"Accounting Clerk",
        "company":"Job OverviewApex",
        "department":"",
        "employment":"",
        "education":"Bachelor's Degree",
      "experience":"Mid-Senior level",
      "logo":"images/2.jpg"
      },

      {
        "id":3,
        "title":"Account Executive - Sydney",
        "company":"Adthena ",
        "department":"Sales",
        "employment":"Full time",
        "education":"Associate",
      "experience":"Mid-Senior level",
      "logo":"images/3.png"
      },

      {
        "id":4,
        "title":"Jr Account Executive",
        "company":"CONNECTIVITY",
        "department":"Sales",
        "employment":"Full time",
        "education":"Associate",
      "experience":"Entry level",
      "logo":"images/4.png"
      }
  
]